state_name,Alabama,Alaska,Arizona,Arkansas,California,Colorado,Connecticut,Delaware,District of Columbia,Florida,Georgia,Hawaii,Idaho,Illinois,Indiana,Iowa,Kansas,Kentucky,Louisiana,Maine,Maryland,Massachusetts,Michigan,Minnesota,Mississippi,Missouri,Montana,Nebraska,Nevada,New Hampshire,New Jersey,New Mexico,New York,North Carolina,North Dakota,Ohio,Oklahoma,Oregon,Pennsylvania,Rhode Island,South Carolina,South Dakota,Tennessee,Texas,Utah,Vermont,Virginia,Washington,West Virginia,Wisconsin,Wyoming
Alabama,0,5376510.133623393,2318960.7749730796,557537.9355128192,3011413.142621494,1794169.421887354,1549242.7573959269,1237462.0435598546,1097827.1196177439,747204.8272070616,278235.127426239,7021840.495867991,2723795.1361377854,924051.0498120511,800780.7899282253,1143827.7549279628,1079802.9656654662,552137.3534215075,510610.32693874056,1953314.3314263716,1129754.3143917301,1700945.954509953,1115318.4536678072,1482336.0241475878,272691.4908018174,775732.711906822,2552954.3063185485,1319377.288258367,2761913.94483806,1750903.840815102,1381655.9849397535,1796822.2176628225,1425511.3306567802,714187.0128337332,1932885.8553243051,914365.9583684837,978237.4251039417,3334127.7350048497,1189417.3272963765,1667393.7120142053,545142.3229648115,1627358.0689884424,308472.72398235917,1036513.8325816389,2378867.223506031,1724569.720397353,949539.5052541263,3323946.109261456,824020.5446768408,1201291.3758725692,2054985.3023027787
Alaska,5376510.133623393,0,4086689.035347381,4904938.284160222,3534566.4669600204,3831614.775256276,5369684.543819349,5402063.990234355,5374792.487503784,6118892.28142891,5521953.362065284,4484046.357414861,2924067.1272807615,4564053.603385965,4764249.852598859,4245017.609943005,4359628.218643038,5025633.790417308,5334112.132871533,5285409.841909696,5364090.797915183,5378190.849639958,4663317.180374541,3946504.786088231,5257051.08961609,4600981.407550401,2898510.933323047,4074384.1934556337,3439453.5503458614,5296418.183753591,5375109.663001076,4228101.054629585,5270501.094041016,5526303.680292737,3453889.0934910653,4928764.154640519,4602480.050507327,2513041.38226589,5229964.745076863,5421797.823955847,5587893.152840842,3750458.0368770254,5141697.098490339,4986908.105319249,3395803.030788383,5154914.6605471475,5437129.001870602,2326215.6440887735,5177389.639710718,4328556.966458341,3462960.5417706077
Arizona,2318960.7749730796,4086689.035347381,0,1790575.5558038654,755795.1934114677,901440.3523847361,3523530.6301290765,3290670.0814352697,3164877.4351677806,2925678.7826914205,2591669.812723259,4703599.377002071,1241794.4056156075,2237784.0364983263,2384438.8349601827,1899007.3238248762,1471014.8157201167,2437721.520254903,1927320.6166406944,3807485.4542099233,3184408.162180279,3650041.4055415224,2630533.0105384355,2036973.331610355,2057671.8458088373,1863182.4463591785,1513196.2622817804,1528175.2683520932,666478.7915130194,3648551.7814044906,3391741.379509691,534759.362278593,3370234.980439837,2940949.381671318,1878268.92952114,2693425.0356430323,1377929.892119983,1579041.2655952105,3154463.662900781,3644740.3289250648,2832018.8654524893,1632132.3307853676,2322215.3286481276,1356648.9028874252,807822.6610276229,3550114.3567456324,3081130.3250533766,1768670.027963783,2819664.189749059,2286286.303404745,1126595.361585791
Arkansas,557537.9355128192,4904938.284160222,1790575.5558038654,0,2463293.249811772,1239320.533812208,1849915.6056221586,1571680.0082920766,1435186.8943474721,1276359.6799392935,813061.7362853144,6484484.134469585,2179743.061235261,781126.9671020022,793558.4909495334,788713.4008911578,550642.7054374878,711101.3712598984,471326.1170061364,2208027.721324738,1460579.802884796,1993750.5082913393,1133099.5053379834,1151442.112775866,356896.017714985,401628.0387741613,2038564.1561591874,832809.2740510617,2206755.8457863987,2019292.6188244147,1695910.2097277537,1259844.2440855806,1704923.7097394122,1155726.513229421,1516101.0065425495,1056063.4595448722,424023.28909437166,2785727.071199392,1468513.0878853563,1973861.5836418965,1041965.5167241362,1170705.0066586686,539973.2168061701,643637.4700697395,1822945.5284357679,1956062.2504015437,1324437.2209763299,2788724.9588870276,1098432.2489108248,1017218.3263816341,1517501.4230143607
California,3011413.142621494,3534566.4669600204,755795.1934114677,2463293.249811772,0,1342215.5448093696,4070802.308345606,3871707.753960075,3756101.258307626,3654470.100754437,3275892.6491513443,4030683.5991355227,1047406.4730338558,2775859.375746904,2950288.8813527236,2395094.0079524247,2053059.4531214314,3051846.0480010994,2656447.241189196,4305286.094433411,3771350.6655575656,4183711.7164022783,3144108.9067429486,2432811.7772032944,2761180.3919658894,2457538.5200781734,1460128.9053466266,2013527.872826299,342658.66223340476,4167407.977004205,3955792.768663799,1222350.422069124,3917645.7978992835,3585322.7255991725,2123403.8622991,3256170.9419083125,2039609.2929524295,1062545.7510146932,3720268.662340016,4186938.3269132664,3499161.9343373557,1995168.9444856918,2973304.602946206,2097207.722776013,877394.9247606917,4054224.705524433,3693510.037277562,1331033.0658011916,3416164.211274798,2760787.628229573,1356112.9414658174
Colorado,1794169.421887354,3831614.775256276,901440.3523847361,1239320.533812208,1342215.5448093696,0,2728630.6246735947,2533043.0121881105,2420655.3189213425,2510692.2052955423,2032741.5044700427,5354130.191640175,962999.5496187265,1433861.1362099014,1611744.4272264056,1054940.9110547209,741469.2568212466,1733854.5931213254,1572916.163607875,2971821.054220203,2434535.91215073,2842536.3796572443,1803872.2265656695,1142145.3622519248,1583798.1612171147,1138630.0299478164,948320.6516119059,672739.0356666617,1032408.1863330913,2828451.333731231,2614246.5869717067,546949.9595606046,2575441.9822613243,2283356.4349854793,999400.8244505088,1915746.261773993,840609.7096160119,1553210.835276985,2379244.3292682217,2845031.4504638757,2224078.4925569138,730697.5648136191,1691246.784457234,1156244.7769043231,585482.069844581,2718379.1928409,2367397.5413278867,1588241.9963318799,2084602.9687552985,1428817.0383208473,384302.3480223584
Connecticut,1549242.7573959269,5369684.543819349,3523530.6301290765,1849915.6056221586,4070802.308345606,2728630.6246735947,0,318536.13213446335,453674.97646829195,1712911.726431043,1337617.2668654972,8056619.941147069,3405548.0585920936,1296515.6920707207,1139188.2045709759,1678201.0962759594,2052786.4227252787,1138814.6499491874,2049446.9526534283,422686.64142630575,420590.07007187826,151947.3422930173,934301.093181588,1729283.0376957774,1782936.1857899216,1664228.3332464339,3061512.0674312124,2058030.878794587,3754067.3612543275,221672.58643145775,169063.800388638,2996876.0402117777,153654.2943509222,883559.8344252951,2208395.9477781504,830646.9820324399,2189559.000368842,3996092.211684938,381449.10564558016,124036.90121965182,1093474.9971229057,2144693.4410145646,1343721.3647902838,2484879.91978384,3249551.2083739727,284197.6062507279,614528.1288673476,3864574.7410058607,755178.471128005,1336872.7440998706,2789869.407004873
Delaware,1237462.0435598546,5402063.990234355,3290670.0814352697,1571680.0082920766,3871707.753960075,2533043.0121881105,318536.13213446335,0,140394.843639556,1408595.5980709337,1019776.8765120185,7883577.016635668,3272016.736926023,1105701.0273465791,921536.4218655152,1503912.33710859,1828210.2374371055,865912.4784747344,1741877.0057847053,739170.4052010444,111444.93814625038,469678.62840128446,802317.9796659925,1617252.0405650565,1478318.85665017,1428424.5062104964,2955130.9443227435,1873010.3162918382,3564953.1332408576,535382.1832946151,150106.77915808914,2758741.2984200553,236945.56376726687,565389.3777479517,2120365.5179441688,619130.9610213287,1933550.1936911615,3875620.507073039,177152.45973145973,431261.7235489599,775443.2547443376,2005101.2659037802,1049473.33858006,2197074.83166238,3076584.9596385006,556408.6959702774,296041.7225737386,3766746.7101072418,476014.7558059915,1206069.881598047,2632681.2674387563
District of Columbia,1097827.1196177439,5374792.487503784,3164877.4351677806,1435186.8943474721,3756101.258307626,2420655.3189213425,453674.97646829195,140394.843639556,0,1300492.5996766805,884555.991434796,7774153.158305222,3180848.0131274196,1003299.5277059786,810290.206295734,1404133.8737503733,1707583.2241873231,732993.9558640434,1601626.924063572,869495.2831008445,34483.100241600994,605587.0586426912,734449.0497404535,1542293.2747449097,1337924.623976708,1305421.9363786478,2875333.255127697,1766705.0078970056,3453062.5574164693,665069.7450658688,284834.97069743363,2631888.842738176,349056.9489701716,438704.27029168594,2051571.225016455,519022.26095456694,1802511.9847524369,3788282.800038364,172724.30854861005,569764.298134356,648149.2634853058,1915921.8986659234,910204.9731760733,2058200.9155850906,2971152.127353569,669852.320406523,167401.35821708836,3688377.065449244,345345.981545335,1128275.5034467257,2534131.1067625415
Florida,747204.8272070616,6118892.28142891,2925678.7826914205,1276359.6799392935,3654470.100754437,2510692.2052955423,1712911.726431043,1408595.5980709337,1300492.5996766805,0,618794.6356765677,7608318.483356403,3456100.248114133,1601306.0783303138,1430975.9408073924,1876472.3980100653,1818488.1574894865,1152505.9311322856,998915.1106236598,2133085.4260913897,1334154.5387178324,1853960.6538554283,1671039.5287393725,2198184.958593038,926906.2199357016,1521116.158133602,3298791.650213546,2066421.7992764206,3433730.6736923545,1934584.309064254,1553981.7784705318,2433014.835523708,1643330.6214073042,876843.2525708869,2668596.294343261,1409434.4139527804,1673793.1705650294,4061138.550590396,1457127.0922847253,1803386.0668594374,689990.4302984229,2372717.2987768725,985347.6815673,1571846.2101321528,3089943.974717215,1964671.927223294,1135806.4112086638,4063144.853286101,1207073.951549558,1869896.878545175,2792136.14665815
Georgia,278235.127426239,5521953.362065284,2591669.812723259,813061.7362853144,3275892.6491513443,2032741.5044700427,1337617.2668654972,1019776.8765120185,884555.991434796,618794.6356765677,0,7292743.281440651,2942707.8789617103,983323.2599847916,813129.8153541754,1277804.2699238532,1301540.894029713,534912.1824849945,773398.448103889,1753329.300564548,918302.756510413,1489255.3257629743,1072228.3981029931,1586224.6606185718,550653.6771964184,952091.703866261,2744196.2549480204,1509447.5145299705,3018691.735256802,1548988.4085336046,1168553.7204944273,2066390.2861289252,1227547.1757295306,465818.77722694236,2068065.6113534844,826988.978854939,1237084.461808139,3557170.334953705,1001730.0252528109,1450411.922232693,274962.3595705067,1792201.8920266393,381532.00509799697,1314070.2294682441,2618159.056540431,1540181.468063194,724258.605682594,3530806.260593843,669589.4287451439,1251102.245495855,2270085.6312918975
Hawaii,7021840.495867991,4484046.357414861,4703599.377002071,6484484.134469585,4030683.5991355227,5354130.191640175,8056619.941147069,7883577.016635668,7774153.158305222,7608318.483356403,7292743.281440651,0,4678916.543288063,6778589.425211671,6964183.512457248,6384096.894741951,6081092.668001816,7080693.303891936,6618610.3925187485,8236692.462139974,7787212.22762567,8155556.252518137,7122342.005305653,6345283.292719819,6761228.205788786,6485145.52423809,5069988.2613643175,6010748.673732265,4322084.554276992,8125176.60815361,7956043.697424449,5226395.546792389,7906051.743913082,7615898.532250607,5918633.845261502,7264567.468122433,6063168.578305996,4137411.9696037387,7724588.646039364,8166480.163107646,7525078.194404487,5916749.653854879,7002529.834730391,6039904.564562967,4809157.977795366,7999549.5812799325,7719911.570356654,4344575.678603079,7438647.0436394075,6721411.924645858,5267305.105388221
Idaho,2723795.1361377854,2924067.1272807615,1241794.4056156075,2179743.061235261,1047406.4730338558,962999.5496187265,3405548.0585920936,3272016.736926023,3180848.0131274196,3456100.248114133,2942707.8789617103,4678916.543288063,0,2182061.5502294367,2386267.2733133743,1781819.2044031,1644672.0859850221,2569428.617883832,2535259.9234982673,3559432.9037680514,3187450.55149712,3492950.705536717,2479742.801702846,1677422.9341154837,2532092.8626486645,2001914.1882918794,433294.0085718398,1452132.7733673365,746415.2033136513,3455658.1965123126,3322844.877574069,1304035.8457816327,3259507.5427695517,3129063.5429049213,1241725.276460045,2661868.149564033,1798834.7182897725,617006.7494865542,3102127.2023320454,3508964.907953011,3103866.1102725463,1267035.9262906588,2578952.123721689,2101999.6865466745,473529.7581235701,3326348.42114744,3162324.77059762,627603.3625624011,2871286.056541949,2072727.235946472,673227.0391387213
Illinois,924051.0498120511,4564053.603385965,2237784.0364983263,781126.9671020022,2775859.375746904,1433861.1362099014,1296515.6920707207,1105701.0273465791,1003299.5277059786,1601306.0783303138,983323.2599847916,6778589.425211671,2182061.5502294367,0,210214.95383012717,401204.81012794777,771254.6191003346,462483.0567165369,1196507.8897987455,1571831.1031685602,1012951.6370294669,1415875.047183353,400185.21820078825,617980.0140602892,961217.9095848801,431673.13283272693,1897576.3646392084,767930.6171350578,2463212.419954008,1410920.3573575483,1180663.734524922,1720208.1581476452,1142984.4913374134,985105.4668759974,1124774.1743292562,486731.7538459915,973377.3575464145,2793310.222829378,946675.758800629,1414721.0498897012,1024147.240184762,925056.3994150714,627424.4360853891,1391513.762712188,1970887.4971535106,1313817.1453517685,981287.7143044267,2709726.6547733564,690257.5684086935,277248.8105732459,1530938.2874325484
Indiana,800780.7899282253,4764249.852598859,2384438.8349601827,793558.4909495334,2950288.8813527236,1611744.4272264056,1139188.2045709759,921536.4218655152,810290.206295734,1430975.9408073924,813129.8153541754,6964183.512457248,2386267.2733133743,210214.95383012717,0,604667.0879423025,914188.7610222888,278471.3088929133,1150541.7798990097,1449867.8100750826,823070.3303752812,1268487.5073052077,344965.3040225822,822035.0126249708,893482.865709044,527872.4810243514,2107075.465190719,957068.1826996348,2643938.3552735145,1275262.2046587993,1010014.4886635625,1858008.1296609303,986071.1531346291,775793.6218193398,1332354.6770377087,309215.99310714414,1066300.776250173,2998979.58897697,772884.2875440695,1260847.2250204643,824815.343068839,1133653.2328458447,492520.98427419265,1432274.519947586,2161308.493825809,1192511.21739321,776162.0730106957,2918818.3182153357,485333.46651356056,444138.0429256842,1730178.752552485
Iowa,1143827.7549279628,4245017.609943005,1899007.3238248762,788713.4008911578,2395094.0079524247,1054940.9110547209,1678201.0962759594,1503912.33710859,1404133.8737503733,1876472.3980100653,1277804.2699238532,6384096.894741951,1781819.2044031,401204.81012794777,604667.0879423025,0,496586.7090531633,812425.6361316326,1258530.835440727,1919053.3933063378,1413145.6872037195,1788659.8933835968,749114.0074351585,362895.7700660541,1084350.4835205337,395929.5813745703,1509214.738211148,382213.6945055393,2075944.4301567932,1773510.4565003372,1571973.157287159,1403383.5859990732,1525804.8592152647,1364050.3300656644,792178.6975932238,886268.925088407,786338.356015661,2394320.3368108934,1341109.5062866122,1792789.8768763102,1373529.845344167,534628.4520521275,896853.4855190029,1274251.8722677643,1574965.4368043747,1664422.7593667,1380526.0970317067,2318379.844347566,1089469.902596405,388870.9728971329,1130012.4207554276
Kansas,1079802.9656654662,4359628.218643038,1471014.8157201167,550642.7054374878,2053059.4531214314,741469.2568212466,2052786.4227252787,1828210.2374371055,1707583.2241873231,1818488.1574894865,1301540.894029713,6081092.668001816,1644672.0859850221,771254.6191003346,914188.7610222888,496586.7090531633,0,999614.7915786831,980327.3769333716,2342969.4531436795,1724667.6836102554,2179139.635479714,1169515.0084364298,792926.9296885515,907400.4809026048,404481.01132644294,1487953.5137717794,313075.97163867415,1762194.1802813394,2179319.109558136,1923494.202894642,949187.07949967,1899393.4001147267,1543360.3671086512,1026642.6099330703,1223396.5081836144,320221.3593697646,2257028.822774551,1686160.3036547762,2173786.8089588643,1483451.2240819528,659616.8727676396,950860.7870986569,822466.9230263162,1323230.0222849988,2084868.2610639622,1640460.3415134537,2245117.730648164,1365054.609145989,871033.4036849869,975214.8435049076
Kentucky,552137.3534215075,5025633.790417308,2437721.520254903,711101.3712598984,3051846.0480010994,1733854.5931213254,1138814.6499491874,865912.4784747344,732993.9558640434,1152505.9311322856,534912.1824849945,7080693.303891936,2569428.617883832,462483.0567165369,278471.3088929133,812425.6361316326,999614.7915786831,0,970719.200386648,1503619.912294069,755917.4797294606,1283039.9344401793,563991.3914176064,1079133.6894403491,700653.2838491171,596069.475303823,2319534.356347563,1118444.2132982274,2761079.4953582226,1311319.1784762691,985732.2558735497,1903515.6290793999,994360.8758024398,559673.4919040754,1580132.8568537273,377394.48620322265,1069848.8504546182,3185931.6704344335,757425.6211219816,1262761.74397367,565173.4487660632,1346336.0843559648,252426.09633993483,1348581.2628515677,2304791.584350829,1255971.8884307768,644485.0247190458,3125340.062147498,390023.22672093415,720066.3560718475,1901273.0447727412
Louisiana,510610.32693874056,5334112.132871533,1927320.6166406944,471326.1170061364,2656447.241189196,1572916.163607875,2049446.9526534283,1741877.0057847053,1601626.924063572,998915.1106236598,773398.448103889,6618610.3925187485,2535259.9234982673,1196507.8897987455,1150541.7798990097,1258530.835440727,980327.3769333716,970719.200386648,0,2445080.360196056,1632649.4548158455,2200413.2746171616,1493827.2244109064,1621426.3457846472,271395.24327829183,866220.8935542741,2445283.3594005127,1283197.206703313,2443771.456270004,2244963.6613737033,1883459.9809306592,1436418.1354302904,1919810.580927207,1224504.092375687,1981021.0684692604,1347947.7855511329,740972.8110117101,3122017.4120653537,1680980.582780856,2169459.585992537,1047836.0771858764,1627658.6950129017,725527.8867319545,579325.5781672795,2134036.9961148277,2208062.0545066274,1457713.1954236208,3157830.827260696,1306864.0496614364,1455244.3363340793,1898467.3387367832
Maine,1953314.3314263716,5285409.841909696,3807485.4542099233,2208027.721324738,4305286.094433411,2971821.054220203,422686.64142630575,739170.4052010444,869495.2831008445,2133085.4260913897,1753329.300564548,8236692.462139974,3559432.9037680514,1571831.1031685602,1449867.8100750826,1919053.3933063378,2342969.4531436795,1503619.912294069,2445080.360196056,0,835435.6151031592,279529.5578518681,1176997.635233915,1894691.9043191317,2175506.320340121,1975795.8950665612,3184866.153628168,2300413.954650537,3977628.4818744026,204426.04643555242,589097.2423979085,3292036.1653632973,528079.0024265861,1304451.3340855117,2326859.847497767,1155960.2856605372,2516103.309973193,4126223.3996439674,764604.8083217915,333062.63702766405,1514544.5368274038,2329401.091000578,1727099.2969408024,2850180.425825604,3456863.7760439175,258248.64912947643,1033901.1273692796,3966089.2750375853,1138612.0373638377,1544670.7748570675,2983132.4064828
Maryland,1129754.3143917301,5364090.797915183,3184408.162180279,1460579.802884796,3771350.6655575656,2434535.91215073,420590.07007187826,111444.93814625038,34483.100241600994,1334154.5387178324,918302.756510413,7787212.22762567,3187450.55149712,1012951.6370294669,823070.3303752812,1413145.6872037195,1724667.6836102554,755917.4797294606,1632649.4548158455,835435.6151031592,0,572537.0305130648,732472.2238126023,1543436.8883346051,1368274.439237976,1323449.095938563,2878357.2320254613,1778182.5435068405,3466861.646167068,631012.1705314491,252086.97826801578,2651885.9898438095,314575.42837907607,473186.7188783623,2051155.2908309768,526941.0085296365,1824559.936044639,3793741.1442167885,147597.66133535843,537639.9808782008,682622.2744492964,1921620.876309067,938091.5673318096,2085632.9153380261,2982540.103229439,635438.6271494459,201844.42227666537,3691088.9904918224,366570.5329406637,1129939.172861097,2543067.210169405
Massachusetts,1700945.954509953,5378190.849639958,3650041.4055415224,1993750.5082913393,4183711.7164022783,2842536.3796572443,151947.3422930173,469678.62840128446,605587.0586426912,1853960.6538554283,1489255.3257629743,8155556.252518137,3492950.705536717,1415875.047183353,1268487.5073052077,1788659.8933835968,2179139.635479714,1283039.9344401793,2200413.2746171616,279529.5578518681,572537.0305130648,0,1040024.7825147292,1815705.4441655488,1933412.459324652,1795724.5006807523,3138446.5355413733,2170255.303225771,3863453.576241281,100496.36049957175,320838.6116385944,3125971.0029530367,288882.4040917883,1033775.552774536,2281394.6187286,962360.2688224319,2326061.503763441,4076688.7975440873,526581.3691479923,58928.862293185775,1243437.0385739175,2239119.878555233,1492359.726030163,2630790.5226319223,3353425.398664438,226297.846392407,765700.0136682948,3935679.3677635225,902721.0093229661,1434810.4749859401,2888637.225756173
Michigan,1115318.4536678072,4663317.180374541,2630533.0105384355,1133099.5053379834,3144108.9067429486,1803872.2265656695,934301.093181588,802317.9796659925,734449.0497404535,1671039.5287393725,1072228.3981029931,7122342.005305653,2479742.801702846,400185.21820078825,344965.3040225822,749114.0074351585,1169515.0084364298,563991.3914176064,1493827.2244109064,1176997.635233915,732472.2238126023,1040024.7825147292,0,815163.4080080738,1233534.3676769529,824679.4074093723,2153688.9347743057,1131171.6362685836,2823465.1595555576,1024939.6007793271,843108.0013563841,2117236.2040425246,784054.2856183681,887177.58510192,1319190.2250549926,275802.2257030356,1369562.0796497734,3078359.100100766,627415.3429946833,1046015.4274612947,1005403.189231538,1214249.0497758824,809970.1461379607,1765770.034908861,2315624.965445579,920006.8964788324,774647.1903496241,2964701.2525804467,521642.6235023233,407137.56065842556,1855985.7797261144
Minnesota,1482336.0241475878,3946504.786088231,2036973.331610355,1151442.112775866,2432811.7772032944,1142145.3622519248,1729283.0376957774,1617252.0405650565,1542293.2747449097,2198184.958593038,1586224.6606185718,6345283.292719819,1677422.9341154837,617980.0140602892,822035.0126249708,362895.7700660541,792926.9296885515,1079133.6894403491,1621426.3457846472,1894691.9043191317,1543436.8883346051,1815705.4441655488,815163.4080080738,0,1442795.682024447,757600.167466167,1338804.230390489,549089.8857072972,2097530.424447334,1780594.9359641918,1654025.800716775,1588779.6309361414,1585011.295839613,1595598.2500466963,514687.81538887264,1035389.4836082552,1107354.8571972342,2267705.644231497,1442571.9948749887,1831602.5373461018,1642113.0310823163,438463.4327592742,1212909.9041422806,1607028.7597933265,1568657.825582886,1654330.8533229446,1556275.8869352983,2149549.0107584954,1272497.0346948067,414265.9918257114,1090682.8855136293
Mississippi,272691.4908018174,5257051.08961609,2057671.8458088373,356896.017714985,2761180.3919658894,1583798.1612171147,1782936.1857899216,1478318.85665017,1337924.623976708,926906.2199357016,550653.6771964184,6761228.205788786,2532092.8626486645,961217.9095848801,893482.865709044,1084350.4835205337,907400.4809026048,700653.2838491171,271395.24327829183,2175506.320340121,1368274.439237976,1933412.459324652,1233534.3676769529,1442795.682024447,0,689815.5602633127,2395353.3603667933,1182700.7735201058,2522426.7968073846,1976073.3700306164,1617982.0581088106,1541430.4208028466,1651285.2098045761,977556.0592564268,1847434.787866242,1078047.138314103,748145.6424922468,3134919.78493662,1412040.9338815429,1903764.506832881,816792.2271605234,1513815.5653841714,454166.1627695574,763867.505006269,2163525.590608169,1937306.5640149184,1198710.6426924686,3143739.220457922,1036930.7894093996,1230054.2666555168,1872821.1728753173
Missouri,775732.711906822,4600981.407550401,1863182.4463591785,401628.0387741613,2457538.5200781734,1138630.0299478164,1664228.3332464339,1428424.5062104964,1305421.9363786478,1521116.158133602,952091.703866261,6485145.52423809,2001914.1882918794,431673.13283272693,527872.4810243514,395929.5813745703,404481.01132644294,596069.475303823,866220.8935542741,1975795.8950665612,1323449.095938563,1795724.5006807523,824679.4074093723,757600.167466167,689815.5602633127,0,1792203.4309052555,557666.649949487,2165018.8113383637,1803050.7584301669,1528909.2955501587,1333442.1755899556,1511745.119398796,1145828.8662872568,1164566.44183711,833874.2422346935,545191.336115213,2618587.5496049607,1291786.9444752727,1786667.9458620597,1102540.279441174,851751.6913080094,578523.7264621223,966442.8291475615,1713458.594591976,1717894.1908065765,1235979.702303809,2580805.9906940684,961773.3056818916,629430.4930330738,1328981.0168718083
Montana,2552954.3063185485,2898510.933323047,1513196.2622817804,2038564.1561591874,1460128.9053466266,948320.6516119059,3061512.0674312124,2955130.9443227435,2875333.255127697,3298791.650213546,2744196.2549480204,5069988.2613643175,433294.0085718398,1897576.3646392084,2107075.465190719,1509214.738211148,1487953.5137717794,2319534.356347563,2445283.3594005127,3184866.153628168,2878357.2320254613,3138446.5355413733,2153688.9347743057,1338804.230390489,2395353.3603667933,1792203.4309052555,0,1235964.613231532,1138074.7678544165,3094036.6539676054,2992221.8435237035,1423952.0170155657,2920234.5722265802,2873264.3367512384,858767.3781676027,2360607.4627514966,1707724.5084167258,941357.452007025,2781051.871399623,3158916.044568285,2874158.1722116424,974789.7330732727,2367420.3829985824,2093684.2519673414,708321.3891560112,2960424.3495533513,2874963.2312787105,813393.0899127676,2585217.4114101576,1749233.4032269884,568283.7608668528
Nebraska,1319377.288258367,4074384.1934556337,1528175.2683520932,832809.2740510617,2013527.872826299,672739.0356666617,2058030.878794587,1873010.3162918382,1766705.0078970056,2066421.7992764206,1509447.5145299705,6010748.673732265,1452132.7733673365,767930.6171350578,957068.1826996348,382213.6945055393,313075.97163867415,1118444.2132982274,1283197.206703313,2300413.954650537,1778182.5435068405,2170255.303225771,1131171.6362685836,549089.8857072972,1182700.7735201058,557666.649949487,1235964.613231532,0,1696576.1659327683,2155718.510087966,1947684.397283004,1051372.8834418992,1905186.2913855182,1678030.320146578,713734.4069204715,1253898.3556952488,625327.3921556055,2069068.345805101,1714478.7337337423,2173551.6540155327,1653903.7230009618,347122.79026584496,1135628.670557314,1122479.7168421466,1204449.7767543762,2046268.4957736917,1728175.492884895,2023565.2442603975,1439561.4472713573,761308.1185383061,782846.2187964865
Nevada,2761913.94483806,3439453.5503458614,666478.7915130194,2206755.8457863987,342658.66223340476,1032408.1863330913,3754067.3612543275,3564953.1332408576,3453062.5574164693,3433730.6736923545,3018691.735256802,4322084.554276992,746415.2033136513,2463212.419954008,2643938.3552735145,2075944.4301567932,1762194.1802813394,2761079.4953582226,2443771.456270004,3977628.4818744026,3466861.646167068,3863453.576241281,2823465.1595555576,2097530.424447334,2522426.7968073846,2165018.8113383637,1138074.7678544165,1696576.1659327683,0,3844049.3225152963,3643798.832542661,1015422.5585922499,3601462.942826521,3304040.6575937504,1780759.4672977268,2946987.282659652,1783769.3119666416,926439.1725089016,3409685.7845686027,3868623.77472058,3230101.7042573583,1659221.2024988947,2699494.466541547,1907870.7486891358,535520.7960537892,3728323.777847244,3398193.8716932777,1147905.844100041,3116591.143355984,2434718.5278692385,1015567.2778588074
New Hampshire,1750903.840815102,5296418.183753591,3648551.7814044906,2019292.6188244147,4167407.977004205,2828451.333731231,221672.58643145775,535382.1832946151,665069.7450658688,1934584.309064254,1548988.4085336046,8125176.60815361,3455658.1965123126,1410920.3573575483,1275262.2046587993,1773510.4565003372,2179319.109558136,1311319.1784762691,2244963.6613737033,204426.04643555242,631012.1705314491,100496.36049957175,1024939.6007793271,1780594.9359641918,1976073.3700306164,1803050.7584301669,3094036.6539676054,2155718.510087966,3844049.3225152963,0,385482.5865838759,3128053.9226743924,325500.2586253176,1100403.6094126392,2235614.717571566,974338.4205908085,2339008.132659798,4033994.9511729535,564042.7513607694,159138.46020594766,1310507.095634632,2209016.653980919,1529790.926228835,2659690.119206465,3329524.4732549526,143030.1587330043,829633.7766944678,3886659.225014788,939993.5016815629,1410271.9468990632,2860943.1544397846
New Jersey,1381655.9849397535,5375109.663001076,3391741.379509691,1695910.2097277537,3955792.768663799,2614246.5869717067,169063.800388638,150106.77915808914,284834.97069743363,1553981.7784705318,1168553.7204944273,7956043.697424449,3322844.877574069,1180663.734524922,1010014.4886635625,1571973.157287159,1923494.202894642,985732.2558735497,1883459.9809306592,589097.2423979085,252086.97826801578,320838.6116385944,843108.0013563841,1654025.800716775,1617982.0581088106,1528909.2955501587,2992221.8435237035,1947684.397283004,3643798.832542661,385482.5865838759,0,2862230.052464349,116114.52993833764,715493.1871557365,2146900.952320369,701262.8207561817,2045848.6227893857,3920568.391308689,237353.0163584594,286014.4686498091,925550.0321673579,2056940.028242739,1182472.0319627698,2327152.801687351,3146886.083367812,415665.882209776,445723.3075703283,3800547.640661159,597733.2115611945,1250200.0998817096,2694529.8423091476
New Mexico,1796822.2176628225,4228101.054629585,534759.362278593,1259844.2440855806,1222350.422069124,546949.9595606046,2996876.0402117777,2758741.2984200553,2631888.842738176,2433014.835523708,2066390.2861289252,5226395.546792389,1304035.8457816327,1720208.1581476452,1858008.1296609303,1403383.5859990732,949187.07949967,1903515.6290793999,1436418.1354302904,3292036.1653632973,2651885.9898438095,3125971.0029530367,2117236.2040425246,1588779.6309361414,1541430.4208028466,1333442.1755899556,1423952.0170155657,1051372.8834418992,1015422.5585922499,3128053.9226743924,2862230.052464349,0,2843976.992515882,2407124.5930827507,1533287.6926560688,2166231.6212246525,843884.828412903,1800443.4654493425,2625190.272640253,3118820.3050524467,2301803.8843212677,1226318.539599462,1788540.3703292485,892491.7970065654,833858.8766354639,3033983.939908468,2546593.498215186,1915586.457701376,2286565.4261027584,1792155.906919181,899935.5057342009
New York,1425511.3306567802,5270501.094041016,3370234.980439837,1704923.7097394122,3917645.7978992835,2575441.9822613243,153654.2943509222,236945.56376726687,349056.9489701716,1643330.6214073042,1227547.1757295306,7906051.743913082,3259507.5427695517,1142984.4913374134,986071.1531346291,1525804.8592152647,1899393.4001147267,994360.8758024398,1919810.580927207,528079.0024265861,314575.42837907607,288882.4040917883,784054.2856183681,1585011.295839613,1651285.2098045761,1511745.119398796,2920234.5722265802,1905186.2913855182,3601462.942826521,325500.2586253176,116114.52993833764,2843976.992515882,0,787760.5083966164,2069939.9306366495,677913.0431966233,2039038.26927277,3852671.1972715403,239722.61498918902,274923.64648478775,997075.5261893651,1996665.2702152582,1206763.4474764555,2342473.0323452535,3098181.942785638,321804.62345079245,516349.5656713229,3725678.5473423414,616575.7701267691,1188501.6444014623,2640039.578171326
North Carolina,714187.0128337332,5526303.680292737,2940949.381671318,1155726.513229421,3585322.7255991725,2283356.4349854793,883559.8344252951,565389.3777479517,438704.27029168594,876843.2525708869,465818.77722694236,7615898.532250607,3129063.5429049213,985105.4668759974,775793.6218193398,1364050.3300656644,1543360.3671086512,559673.4919040754,1224504.092375687,1304451.3340855117,473186.7188783623,1033775.552774536,887177.58510192,1595598.2500466963,977556.0592564268,1145828.8662872568,2873264.3367512384,1678030.320146578,3304040.6575937504,1100403.6094126392,715493.1871557365,2407124.5930827507,787760.5083966164,0,2107728.259101807,611561.6574964101,1563240.3143943024,3745489.3972196393,583445.3099045599,991767.9175054095,210103.49026360223,1898570.6195370876,618762.5459873525,1732603.8145730307,2859168.5880615055,1108148.4588030982,271595.6387005394,3681595.6425756216,368857.9861427295,1198726.0713219654,2460808.038507212
North Dakota,1932885.8553243051,3453889.0934910653,1878268.92952114,1516101.0065425495,2123403.8622991,999400.8244505088,2208395.9477781504,2120365.5179441688,2051571.225016455,2668596.294343261,2068065.6113534844,5918633.845261502,1241725.276460045,1124774.1743292562,1332354.6770377087,792178.6975932238,1026642.6099330703,1580132.8568537273,1981021.0684692604,2326859.847497767,2051155.2908309768,2281394.6187286,1319190.2250549926,514687.81538887264,1847434.787866242,1164566.44183711,858767.3781676027,713734.4069204715,1780759.4672977268,2235614.717571566,2146900.952320369,1533287.6926560688,2069939.9306366495,2107728.259101807,0,1549023.3203527373,1336592.1184809098,1799813.0770217404,1944149.2013629698,2303199.1349263573,2145241.707837439,371695.07030525233,1688041.5053288413,1826719.9102197946,1247468.1657990061,2101684.851514071,2070304.5670589919,1656179.5400483725,1787159.6029978122,926787.5525140519,781310.576615803
Ohio,914365.9583684837,4928764.154640519,2693425.0356430323,1056063.4595448722,3256170.9419083125,1915746.261773993,830646.9820324399,619130.9610213287,519022.26095456694,1409434.4139527804,826988.978854939,7264567.468122433,2661868.149564033,486731.7538459915,309215.99310714414,886268.925088407,1223396.5081836144,377394.48620322265,1347947.7855511329,1155960.2856605372,526941.0085296365,962360.2688224319,275802.2257030356,1035389.4836082552,1078047.138314103,833874.2422346935,2360607.4627514966,1253898.3556952488,2946987.282659652,974338.4205908085,701262.8207561817,2166231.6212246525,677913.0431966233,611561.6574964101,1549023.3203527373,0,1365027.7243162054,3269847.6879492006,464514.549207567,952833.543157973,734091.5552846245,1397526.1835040124,627579.0022760585,1699665.680851597,2457519.897230571,901441.34675268,521493.36025351065,3173987.3116556187,248937.86990997804,622326.1445331264,2016133.5577926324
Oklahoma,978237.4251039417,4602480.050507327,1377929.892119983,424023.28909437166,2039609.2929524295,840609.7096160119,2189559.000368842,1933550.1936911615,1802511.9847524369,1673793.1705650294,1237084.461808139,6063168.578305996,1798834.7182897725,973377.3575464145,1066300.776250173,786338.356015661,320221.3593697646,1069848.8504546182,740972.8110117101,2516103.309973193,1824559.936044639,2326061.503763441,1369562.0796497734,1107354.8571972342,748145.6424922468,545191.336115213,1707724.5084167258,625327.3921556055,1783769.3119666416,2339008.132659798,2045848.6227893857,843884.828412903,2039038.26927277,1563240.3143943024,1336592.1184809098,1365027.7243162054,0,2393818.555500259,1811104.2709531868,2313132.1546013243,1461911.4451666095,965759.7556812954,944687.4525091745,502374.6781257236,1416251.3212555356,2258810.9199828673,1708587.4638503066,2418865.288425641,1457989.4094866768,1131325.5360454223,1157529.1539666988
Oregon,3334127.7350048497,2513041.38226589,1579041.2655952105,2785727.071199392,1062545.7510146932,1553210.835276985,3996092.211684938,3875620.507073039,3788282.800038364,4061138.550590396,3557170.334953705,4137411.9696037387,617006.7494865542,2793310.222829378,2998979.58897697,2394320.3368108934,2257028.822774551,3185931.6704344335,3122017.4120653537,4126223.3996439674,3793741.1442167885,4076688.7975440873,3078359.100100766,2267705.644231497,3134919.78493662,2618587.5496049607,941357.452007025,2069068.345805101,926439.1725089016,4033994.9511729535,3920568.391308689,1800443.4654493425,3852671.1972715403,3745489.3972196393,1799813.0770217404,3269847.6879492006,2393818.555500259,0,3703859.3689862867,4095784.3173309355,3720739.4681478734,1872371.6069742362,3195166.8355597374,2654958.63464965,993205.0133060158,3901074.16173177,3774455.1873200713,300684.5609514459,3483355.8484596354,2671480.1823211494,1289620.6122677117
Pennsylvania,1189417.3272963765,5229964.745076863,3154463.662900781,1468513.0878853563,3720268.662340016,2379244.3292682217,381449.10564558016,177152.45973145973,172724.30854861005,1457127.0922847253,1001730.0252528109,7724588.646039364,3102127.2023320454,946675.758800629,772884.2875440695,1341109.5062866122,1686160.3036547762,757425.6211219816,1680980.582780856,764604.8083217915,147597.66133535843,526581.3691479923,627415.3429946833,1442571.9948749887,1412040.9338815429,1291786.9444752727,2781051.871399623,1714478.7337337423,3409685.7845686027,564042.7513607694,237353.0163584594,2625190.272640253,239722.61498918902,583445.3099045599,1944149.2013629698,464514.549207567,1811104.2709531868,3703859.3689862867,0,505455.44153735106,787372.9530222411,1835122.097402362,967050.3566115918,2104346.732084658,2915809.022852897,538861.396076547,323369.39892363467,3592086.7004763596,376869.050336032,1032818.2794655198,2467280.343243487
Rhode Island,1667393.7120142053,5421797.823955847,3644740.3289250648,1973861.5836418965,4186938.3269132664,2845031.4504638757,124036.90121965182,431261.7235489599,569764.298134356,1803386.0668594374,1450411.922232693,8166480.163107646,3508964.907953011,1414721.0498897012,1260847.2250204643,1792789.8768763102,2173786.8089588643,1262761.74397367,2169459.585992537,333062.63702766405,537639.9808782008,58928.862293185775,1046015.4274612947,1831602.5373461018,1903764.506832881,1786667.9458620597,3158916.044568285,2173551.6540155327,3868623.77472058,159138.46020594766,286014.4686498091,3118820.3050524467,274923.64648478775,991767.9175054095,2303199.1349263573,952833.543157973,2313132.1546013243,4095784.3173309355,505455.44153735106,0,1200781.0879747684,2251568.5819474356,1466304.3886129889,2608441.8995564454,3361470.643906836,277487.15402676654,726154.5505979154,3958681.0171978828,878496.8413124257,1445115.4515907008,2899178.3709379975
South Carolina,545142.3229648115,5587893.152840842,2832018.8654524893,1041965.5167241362,3499161.9343373557,2224078.4925569138,1093474.9971229057,775443.2547443376,648149.2634853058,689990.4302984229,274962.3595705067,7525078.194404487,3103866.1102725463,1024147.240184762,824815.343068839,1373529.845344167,1483451.2240819528,565173.4487660632,1047836.0771858764,1514544.5368274038,682622.2744492964,1243437.0385739175,1005403.189231538,1642113.0310823163,816792.2271605234,1102540.279441174,2874158.1722116424,1653903.7230009618,3230101.7042573583,1310507.095634632,925550.0321673579,2301803.8843212677,997075.5261893651,210103.49026360223,2145241.707837439,734091.5552846245,1461911.4451666095,3720739.4681478734,787372.9530222411,1200781.0879747684,0,1904837.5168412938,532839.9145610675,1580158.485653268,2806654.2429800937,1316761.1778421963,481428.5455379931,3674535.03218258,518159.45240349945,1266472.057732555,2431282.4775993666
South Dakota,1627358.0689884424,3750458.0368770254,1632132.3307853676,1170705.0066586686,1995168.9444856918,730697.5648136191,2144693.4410145646,2005101.2659037802,1915921.8986659234,2372717.2987768725,1792201.8920266393,5916749.653854879,1267035.9262906588,925056.3994150714,1133653.2328458447,534628.4520521275,659616.8727676396,1346336.0843559648,1627658.6950129017,2329401.091000578,1921620.876309067,2239119.878555233,1214249.0497758824,438463.4327592742,1513815.5653841714,851751.6913080094,974789.7330732727,347122.79026584496,1659221.2024988947,2209016.653980919,2056940.028242739,1226318.539599462,1996665.2702152582,1898570.6195370876,371695.07030525233,1397526.1835040124,965759.7556812954,1872371.6069742362,1835122.097402362,2251568.5819474356,1904837.5168412938,0,1411293.5286442558,1455065.6072450306,1130359.0950227024,2085913.8900693944,1905524.5887079327,1785301.7119354669,1614805.23558757,808170.1471045454,653758.8883855869
Tennessee,308472.72398235917,5141697.098490339,2322215.3286481276,539973.2168061701,2973304.602946206,1691246.784457234,1343721.3647902838,1049473.33858006,910204.9731760733,985347.6815673,381532.00509799697,7002529.834730391,2578952.123721689,627424.4360853891,492520.98427419265,896853.4855190029,950860.7870986569,252426.09633993483,725527.8867319545,1727099.2969408024,938091.5673318096,1492359.726030163,809970.1461379607,1212909.9041422806,454166.1627695574,578523.7264621223,2367420.3829985824,1135628.670557314,2699494.466541547,1529790.926228835,1182472.0319627698,1788540.3703292485,1206763.4474764555,618762.5459873525,1688041.5053288413,627579.0022760585,944687.4525091745,3195166.8355597374,967050.3566115918,1466304.3886129889,532839.9145610675,1411293.5286442558,0,1148201.0190712048,2274083.564500992,1485684.5214041092,788622.1950792895,3159142.07937467,590188.3283817547,903277.6260862203,1905739.0593702714
Texas,1036513.8325816389,4986908.105319249,1356648.9028874252,643637.4700697395,2097207.722776013,1156244.7769043231,2484879.91978384,2197074.83166238,2058200.9155850906,1571846.2101321528,1314070.2294682441,6039904.564562967,2101999.6865466745,1391513.762712188,1432274.519947586,1274251.8722677643,822466.9230263162,1348581.2628515677,579325.5781672795,2850180.425825604,2085632.9153380261,2630790.5226319223,1765770.034908861,1607028.7597933265,763867.505006269,966442.8291475615,2093684.2519673414,1122479.7168421466,1907870.7486891358,2659690.119206465,2327152.801687351,892491.7970065654,2342473.0323452535,1732603.8145730307,1826719.9102197946,1699665.680851597,502374.6781257236,2654958.63464965,2104346.732084658,2608441.8995564454,1580158.485653268,1455065.6072450306,1148201.0190712048,0,1662838.5059378808,2599111.9778063474,1934075.8914011568,2729384.6483601755,1730078.1687862747,1590646.5719899852,1525882.1076657353
Utah,2378867.223506031,3395803.030788383,807822.6610276229,1822945.5284357679,877394.9247606917,585482.069844581,3249551.2083739727,3076584.9596385006,2971152.127353569,3089943.974717215,2618159.056540431,4809157.977795366,473529.7581235701,1970887.4971535106,2161308.493825809,1574965.4368043747,1323230.0222849988,2304791.584350829,2134036.9961148277,3456863.7760439175,2982540.103229439,3353425.398664438,2315624.965445579,1568657.825582886,2163525.590608169,1713458.594591976,708321.3891560112,1204449.7767543762,535520.7960537892,3329524.4732549526,3146886.083367812,833858.8766354639,3098181.942785638,2859168.5880615055,1247468.1657990061,2457519.897230571,1416251.3212555356,993205.0133060158,2915809.022852897,3361470.643906836,2806654.2429800937,1130359.0950227024,2274083.564500992,1662838.5059378808,0,3210328.5477544074,2929218.7780287825,1082671.2337595792,2642247.635833305,1919484.1555136824,481025.3730767133
Vermont,1724569.720397353,5154914.6605471475,3550114.3567456324,1956062.2504015437,4054224.705524433,2718379.1928409,284197.6062507279,556408.6959702774,669852.320406523,1964671.927223294,1540181.468063194,7999549.5812799325,3326348.42114744,1313817.1453517685,1192511.21739321,1664422.7593667,2084868.2610639622,1255971.8884307768,2208062.0545066274,258248.64912947643,635438.6271494459,226297.846392407,920006.8964788324,1654330.8533229446,1937306.5640149184,1717894.1908065765,2960424.3495533513,2046268.4957736917,3728323.777847244,143030.1587330043,415665.882209776,3033983.939908468,321804.62345079245,1108148.4588030982,2101684.851514071,901441.34675268,2258810.9199828673,3901074.16173177,538861.396076547,277487.15402676654,1316761.1778421963,2085913.8900693944,1485684.5214041092,2599111.9778063474,3210328.5477544074,0,837248.3826103203,3750306.479491623,902432.6729155779,1293724.7051431374,2739039.5276661585
Virginia,949539.5052541263,5437129.001870602,3081130.3250533766,1324437.2209763299,3693510.037277562,2367397.5413278867,614528.1288673476,296041.7225737386,167401.35821708836,1135806.4112086638,724258.605682594,7719911.570356654,3162324.77059762,981287.7143044267,776162.0730106957,1380526.0970317067,1640460.3415134537,644485.0247190458,1457713.1954236208,1033901.1273692796,201844.42227666537,765700.0136682948,774647.1903496241,1556275.8869352983,1198710.6426924686,1235979.702303809,2874963.2312787105,1728175.492884895,3398193.8716932777,829633.7766944678,445723.3075703283,2546593.498215186,516349.5656713229,271595.6387005394,2070304.5670589919,521493.36025351065,1708587.4638503066,3774455.1873200713,323369.39892363467,726154.5505979154,481428.5455379931,1905524.5887079327,788622.1950792895,1934075.8914011568,2929218.7780287825,837248.3826103203,0,3688113.976922471,291101.46035052475,1143764.6847593626,2505466.2953864858
Washington,3323946.109261456,2326215.6440887735,1768670.027963783,2788724.9588870276,1331033.0658011916,1588241.9963318799,3864574.7410058607,3766746.7101072418,3688377.065449244,4063144.853286101,3530806.260593843,4344575.678603079,627603.3625624011,2709726.6547733564,2918818.3182153357,2318379.844347566,2245117.730648164,3125340.062147498,3157830.827260696,3966089.2750375853,3691088.9904918224,3935679.3677635225,2964701.2525804467,2149549.0107584954,3143739.220457922,2580805.9906940684,813393.0899127676,2023565.2442603975,1147905.844100041,3886659.225014788,3800547.640661159,1915586.457701376,3725678.5473423414,3681595.6425756216,1656179.5400483725,3173987.3116556187,2418865.288425641,300684.5609514459,3592086.7004763596,3958681.0171978828,3674535.03218258,1785301.7119354669,3159142.07937467,2729384.6483601755,1082671.2337595792,3750306.479491623,3688113.976922471,0,3398156.0573056713,2561448.8407400083,1271254.6950577374
West Virginia,824020.5446768408,5177389.639710718,2819664.189749059,1098432.2489108248,3416164.211274798,2084602.9687552985,755178.471128005,476014.7558059915,345345.981545335,1207073.951549558,669589.4287451439,7438647.0436394075,2871286.056541949,690257.5684086935,485333.46651356056,1089469.902596405,1365054.609145989,390023.22672093415,1306864.0496614364,1138612.0373638377,366570.5329406637,902721.0093229661,521642.6235023233,1272497.0346948067,1036930.7894093996,961773.3056818916,2585217.4114101576,1439561.4472713573,3116591.143355984,939993.5016815629,597733.2115611945,2286565.4261027584,616575.7701267691,368857.9861427295,1787159.6029978122,248937.86990997804,1457989.4094866768,3483355.8484596354,376869.050336032,878496.8413124257,518159.45240349945,1614805.23558757,590188.3283817547,1730078.1687862747,2642247.635833305,902432.6729155779,291101.46035052475,3398156.0573056713,0,863034.6301927159,2215261.36066723
Wisconsin,1201291.3758725692,4328556.966458341,2286286.303404745,1017218.3263816341,2760787.628229573,1428817.0383208473,1336872.7440998706,1206069.881598047,1128275.5034467257,1869896.878545175,1251102.245495855,6721411.924645858,2072727.235946472,277248.8105732459,444138.0429256842,388870.9728971329,871033.4036849869,720066.3560718475,1455244.3363340793,1544670.7748570675,1129939.172861097,1434810.4749859401,407137.56065842556,414265.9918257114,1230054.2666555168,629430.4930330738,1749233.4032269884,761308.1185383061,2434718.5278692385,1410271.9468990632,1250200.0998817096,1792155.906919181,1188501.6444014623,1198726.0713219654,926787.5525140519,622326.1445331264,1131325.5360454223,2671480.1823211494,1032818.2794655198,1445115.4515907008,1266472.057732555,808170.1471045454,903277.6260862203,1590646.5719899852,1919484.1555136824,1293724.7051431374,1143764.6847593626,2561448.8407400083,863034.6301927159,0,1454119.665436663
Wyoming,2054985.3023027787,3462960.5417706077,1126595.361585791,1517501.4230143607,1356112.9414658174,384302.3480223584,2789869.407004873,2632681.2674387563,2534131.1067625415,2792136.14665815,2270085.6312918975,5267305.105388221,673227.0391387213,1530938.2874325484,1730178.752552485,1130012.4207554276,975214.8435049076,1901273.0447727412,1898467.3387367832,2983132.4064828,2543067.210169405,2888637.225756173,1855985.7797261144,1090682.8855136293,1872821.1728753173,1328981.0168718083,568283.7608668528,782846.2187964865,1015567.2778588074,2860943.1544397846,2694529.8423091476,899935.5057342009,2640039.578171326,2460808.038507212,781310.576615803,2016133.5577926324,1157529.1539666988,1289620.6122677117,2467280.343243487,2899178.3709379975,2431282.4775993666,653758.8883855869,1905739.0593702714,1525882.1076657353,481025.3730767133,2739039.5276661585,2505466.2953864858,1271254.6950577374,2215261.36066723,1454119.665436663,0
